[["Map",1,2,9,10,106,107,196,197],"meta::meta",["Map",3,4,5,6,7,8],"astro-version","5.10.1","content-config-digest","42d0215bbba3be78","astro-config-digest","{\"root\":{},\"srcDir\":{},\"publicDir\":{},\"outDir\":{},\"cacheDir\":{},\"site\":\"https://atekit.com\",\"compressHTML\":true,\"base\":\"/\",\"trailingSlash\":\"ignore\",\"output\":\"static\",\"scopedStyleStrategy\":\"attribute\",\"build\":{\"format\":\"directory\",\"client\":{},\"server\":{},\"assets\":\"_astro\",\"serverEntry\":\"entry.mjs\",\"redirects\":true,\"inlineStylesheets\":\"auto\",\"concurrency\":1},\"server\":{\"open\":false,\"host\":false,\"port\":4321,\"streaming\":true,\"allowedHosts\":[]},\"redirects\":{},\"image\":{\"endpoint\":{\"route\":\"/_image\"},\"service\":{\"entrypoint\":\"astro/assets/services/sharp\",\"config\":{}},\"domains\":[],\"remotePatterns\":[],\"responsiveStyles\":false},\"devToolbar\":{\"enabled\":true},\"markdown\":{\"syntaxHighlight\":{\"type\":\"shiki\",\"excludeLangs\":[\"math\"]},\"shikiConfig\":{\"langs\":[],\"langAlias\":{},\"theme\":\"github-dark\",\"themes\":{},\"wrap\":false,\"transformers\":[]},\"remarkPlugins\":[],\"rehypePlugins\":[],\"remarkRehype\":{},\"gfm\":true,\"smartypants\":true},\"security\":{\"checkOrigin\":true},\"env\":{\"schema\":{},\"validateSecrets\":false},\"experimental\":{\"clientPrerender\":false,\"contentIntellisense\":false,\"headingIdCompat\":false,\"preserveScriptOrder\":false,\"liveContentCollections\":false,\"csp\":false},\"legacy\":{\"collections\":false}}","guides",["Map",11,12,37,38,59,60,82,83],"cloud-cost-optimization",{"id":11,"data":13,"body":21,"filePath":22,"digest":23,"rendered":24,"legacyId":36},{"title":14,"description":15,"icon":16,"pdfFile":17,"published":18,"order":19,"date":20},"Cloud Cost Optimization Guide","Reduce AWS/Azure/GCP spend by 30%","/images/guides/cloud-icon.svg","/downloads/guides/cloud-cost-optimization.pdf",true,3,["Date","2024-01-25T00:00:00.000Z"],"# Cloud Cost Optimization Guide\n\nStrategies and techniques to reduce your cloud infrastructure costs by up to 30%.","src/content/guides/cloud-cost-optimization.md","3b92b619a27e36bf",{"html":25,"metadata":26},"\u003Ch1 id=\"cloud-cost-optimization-guide\">Cloud Cost Optimization Guide\u003C/h1>\n\u003Cp>Strategies and techniques to reduce your cloud infrastructure costs by up to 30%.\u003C/p>",{"headings":27,"localImagePaths":31,"remoteImagePaths":32,"frontmatter":33,"imagePaths":35},[28],{"depth":29,"slug":30,"text":14},1,"cloud-cost-optimization-guide",[],[],{"title":14,"description":15,"icon":16,"pdfFile":17,"published":18,"order":19,"date":34},"2024-01-25T00:00:00.000Z",[],"cloud-cost-optimization.md","saas-readiness-checklist",{"id":37,"data":39,"body":45,"filePath":46,"digest":47,"rendered":48,"legacyId":58},{"title":40,"description":41,"icon":42,"pdfFile":43,"published":18,"order":29,"date":44},"SaaS Readiness Checklist","For teams planning their first product launch","/images/guides/checklist-icon.svg","/downloads/guides/ineazy.in-dns-records-.csv",["Date","2024-01-15T00:00:00.000Z"],"# SaaS Readiness Checklist\n\nA comprehensive checklist for teams planning their first SaaS product launch.","src/content/guides/saas-readiness-checklist.md","bfbea607b439729e",{"html":49,"metadata":50},"\u003Ch1 id=\"saas-readiness-checklist\">SaaS Readiness Checklist\u003C/h1>\n\u003Cp>A comprehensive checklist for teams planning their first SaaS product launch.\u003C/p>",{"headings":51,"localImagePaths":53,"remoteImagePaths":54,"frontmatter":55,"imagePaths":57},[52],{"depth":29,"slug":37,"text":40},[],[],{"title":40,"description":41,"icon":42,"pdfFile":43,"published":18,"order":29,"date":56},["Date","2024-01-15T00:00:00.000Z"],[],"saas-readiness-checklist.md","devops-implementation-toolkit",{"id":59,"data":61,"body":68,"filePath":69,"digest":70,"rendered":71,"legacyId":81},{"title":62,"description":63,"icon":64,"pdfFile":65,"published":18,"order":66,"date":67},"DevOps Implementation Toolkit","Roadmap + tools for mid-sized teams","/images/guides/devops-icon.svg","/downloads/guides/devops-implementation-toolkit.pdf",2,["Date","2024-01-20T00:00:00.000Z"],"# DevOps Implementation Toolkit\n\nComplete roadmap and tools for implementing DevOps practices in mid-sized teams.","src/content/guides/devops-implementation-toolkit.md","757b3bab5bbc3637",{"html":72,"metadata":73},"\u003Ch1 id=\"devops-implementation-toolkit\">DevOps Implementation Toolkit\u003C/h1>\n\u003Cp>Complete roadmap and tools for implementing DevOps practices in mid-sized teams.\u003C/p>",{"headings":74,"localImagePaths":76,"remoteImagePaths":77,"frontmatter":78,"imagePaths":80},[75],{"depth":29,"slug":59,"text":62},[],[],{"title":62,"description":63,"icon":64,"pdfFile":65,"published":18,"order":66,"date":79},"2024-01-20T00:00:00.000Z",[],"devops-implementation-toolkit.md","paypilot-onboarding",{"id":82,"data":84,"body":91,"filePath":92,"digest":93,"rendered":94,"legacyId":105},{"title":85,"description":86,"icon":87,"pdfFile":88,"published":18,"order":89,"date":90},"Pay Pilot Onboarding Workbook","Step-by-step planning sheet for new customers","/images/guides/paypilot-icon.svg","/downloads/guides/paypilot-onboarding-workbook.pdf",4,["Date","2024-01-30T00:00:00.000Z"],"# Pay Pilot Onboarding Workbook\n\nComplete step-by-step planning sheet and onboarding guide for new Pay Pilot customers.","src/content/guides/paypilot-onboarding.md","df619091d8e58c83",{"html":95,"metadata":96},"\u003Ch1 id=\"pay-pilot-onboarding-workbook\">Pay Pilot Onboarding Workbook\u003C/h1>\n\u003Cp>Complete step-by-step planning sheet and onboarding guide for new Pay Pilot customers.\u003C/p>",{"headings":97,"localImagePaths":100,"remoteImagePaths":101,"frontmatter":102,"imagePaths":104},[98],{"depth":29,"slug":99,"text":85},"pay-pilot-onboarding-workbook",[],[],{"title":85,"description":86,"icon":87,"pdfFile":88,"published":18,"order":89,"date":103},"2024-01-30T00:00:00.000Z",[],"paypilot-onboarding.md","job-categories",["Map",108,109,131,132,153,154,174,175],"software-development",{"id":108,"data":110,"body":118,"filePath":119,"digest":120,"rendered":121,"legacyId":130},{"name":111,"order":29,"published":18,"description":112,"jobs":113},"Software & Development","Full-stack development, frontend, backend, and mobile application development roles",[114,115,116,117],"react-developer","python-developer","java-developer","software-engineer-ref-job-code-sse-–-2502-has-multiple-openings","Software & Development category includes all programming and development positions from junior to senior levels.","src/content/job-categories/software-development.md","4cf8dd29c8ed1a2b",{"html":122,"metadata":123},"\u003Cp>Software &#x26; Development category includes all programming and development positions from junior to senior levels.\u003C/p>",{"headings":124,"localImagePaths":125,"remoteImagePaths":126,"frontmatter":127,"imagePaths":129},[],[],[],{"name":111,"order":29,"published":18,"description":112,"jobs":128},[114,115,116,117],[],"software-development.md","engineering-infrastructure",{"id":131,"data":133,"body":140,"filePath":141,"digest":142,"rendered":143,"legacyId":152},{"name":134,"order":66,"published":18,"description":135,"jobs":136},"Engineering & Infrastructure","DevOps, cloud engineering, system administration, and infrastructure management roles",[137,138,139],"database-administrator","cloud-engineer","devops-engineer","Engineering & Infrastructure category covers all infrastructure, DevOps, and system engineering positions.","src/content/job-categories/engineering-infrastructure.md","8699b28a2aaaddca",{"html":144,"metadata":145},"\u003Cp>Engineering &#x26; Infrastructure category covers all infrastructure, DevOps, and system engineering positions.\u003C/p>",{"headings":146,"localImagePaths":147,"remoteImagePaths":148,"frontmatter":149,"imagePaths":151},[],[],[],{"name":134,"order":66,"published":18,"description":135,"jobs":150},[137,138,139],[],"engineering-infrastructure.md","quality-data",{"id":153,"data":155,"body":161,"filePath":162,"digest":163,"rendered":164,"legacyId":173},{"name":156,"order":89,"published":18,"description":157,"jobs":158},"Quality & Data","Quality assurance, testing, data analysis, and business intelligence roles",[159,160],"data-analyst","qa-analyst","Quality & Data category covers all QA, testing, data analysis, and business intelligence positions.","src/content/job-categories/quality-data.md","1594d014281ae9c7",{"html":165,"metadata":166},"\u003Cp>Quality &#x26; Data category covers all QA, testing, data analysis, and business intelligence positions.\u003C/p>",{"headings":167,"localImagePaths":168,"remoteImagePaths":169,"frontmatter":170,"imagePaths":172},[],[],[],{"name":156,"order":89,"published":18,"description":157,"jobs":171},[159,160],[],"quality-data.md","experience-design",{"id":174,"data":176,"body":183,"filePath":184,"digest":185,"rendered":186,"legacyId":195},{"name":177,"order":19,"published":18,"description":178,"jobs":179},"Experience & Design","UX/UI design, user experience research, and product design roles",[180,181,182],"product-designer","ux-researcher","ui-ux-designer","Experience & Design category includes all design and user experience related positions.","src/content/job-categories/experience-design.md","7da2a0711f00b993",{"html":187,"metadata":188},"\u003Cp>Experience &#x26; Design category includes all design and user experience related positions.\u003C/p>",{"headings":189,"localImagePaths":190,"remoteImagePaths":191,"frontmatter":192,"imagePaths":194},[],[],[],{"name":177,"order":19,"published":18,"description":178,"jobs":193},[180,181,182],[],"experience-design.md","careers",["Map",138,198,137,260,139,305,159,357,413,414,116,432,180,483,115,526,160,573,114,626,182,680,726,727,181,744,796,797],{"id":138,"data":199,"filePath":244,"digest":245,"rendered":246,"legacyId":259},{"title":200,"department":134,"location":201,"type":202,"experience":203,"salary":204,"description":205,"requirements":206,"responsibilities":214,"benefits":222,"skills":230,"published":18,"featured":242,"date":243},"Cloud Engineer","Remote","Full-time","Mid Level","$78,000 - $108,000","Join our Infrastructure team as a Cloud Engineer and help design, implement, and manage cloud-based solutions for our clients and internal systems. You'll work with multiple cloud platforms to create scalable, secure, and cost-effective infrastructure solutions.\n\nThis role offers excellent opportunities to work with cutting-edge cloud technologies and contribute to our cloud-first strategy.\n",[207,208,209,210,211,212,213],"3+ years of cloud engineering experience","Strong experience with AWS, Azure, or Google Cloud Platform","Proficiency in Infrastructure as Code (Terraform, ARM templates, CloudFormation)","Knowledge of cloud security best practices and compliance","Experience with cloud monitoring and cost optimization","Understanding of networking concepts and cloud networking","Familiarity with containerization and serverless technologies",[215,216,217,218,219,220,221],"Design and implement cloud infrastructure solutions","Manage cloud resources and optimize costs","Implement cloud security policies and compliance measures","Monitor cloud environments and ensure high availability","Automate cloud deployments and management tasks","Collaborate with development teams on cloud architecture","Provide technical guidance on cloud best practices",[223,224,225,226,227,228,229],"Competitive salary with performance incentives","Full health and wellness benefits","401(k) with generous company matching","Remote work with flexible hours","Cloud certification reimbursement","Home office equipment budget","Annual company retreat",[231,232,233,234,235,236,237,238,239,240,241],"AWS","Azure","Terraform","CloudFormation","Kubernetes","Docker","Cloud Security","Monitoring","Cost Optimization","Networking","Serverless",false,["Date","2024-02-05T09:15:00.000Z"],"src/content/careers/cloud-engineer.md","a05aaf94d17d9c3c",{"html":247,"metadata":248},"",{"headings":249,"localImagePaths":250,"remoteImagePaths":251,"frontmatter":252,"imagePaths":258},[],[],[],{"skills":253,"experience":203,"salary":204,"responsibilities":254,"title":200,"description":205,"location":201,"department":134,"type":202,"published":18,"featured":242,"date":255,"requirements":256,"benefits":257},[231,232,233,234,235,236,237,238,239,240,241],[215,216,217,218,219,220,221],["Date","2024-02-05T09:15:00.000Z"],[207,208,209,210,211,212,213],[223,224,225,226,227,228,229],[],"cloud-engineer.md",{"id":137,"data":261,"filePath":290,"digest":291,"rendered":292,"legacyId":304},{"title":262,"department":134,"location":263,"type":202,"experience":203,"description":264,"requirements":265,"responsibilities":271,"benefits":277,"skills":282,"published":18,"featured":242,"date":289},"Database Administrator","Frisco, Texas","Manage and optimize database systems including SQL Server, MySQL, and PostgreSQL. Ensure data security, performance tuning, and backup recovery processes.",[266,267,268,269,270],"3+ years of database administration experience","Strong knowledge of SQL Server, MySQL, or PostgreSQL","Experience with database performance tuning and optimization","Understanding of backup and recovery procedures","Knowledge of database security and compliance requirements",[272,273,274,275,276],"Install, configure, and maintain database systems","Monitor database performance and implement optimizations","Manage backup and recovery procedures","Ensure database security and access controls","Troubleshoot database issues and provide technical support",[278,279,280,281],"Competitive salary with performance bonuses","Professional certification support","Health insurance and retirement benefits","Opportunities to work with cutting-edge database technologies",[283,284,285,286,287,288],"SQL Server","MySQL","PostgreSQL","Database Tuning","Backup & Recovery","Database Security",["Date","2024-12-01T10:00:00.000Z"],"src/content/careers/database-administrator.md","f1d9335d65aff35a",{"html":247,"metadata":293},{"headings":294,"localImagePaths":295,"remoteImagePaths":296,"frontmatter":297,"imagePaths":303},[],[],[],{"title":262,"department":134,"location":263,"type":202,"experience":203,"description":264,"requirements":298,"responsibilities":299,"benefits":300,"skills":301,"published":18,"featured":242,"date":302},[266,267,268,269,270],[272,273,274,275,276],[278,279,280,281],[283,284,285,286,287,288],"2024-12-01T10:00:00.000Z",[],"database-administrator.md",{"id":139,"data":306,"filePath":342,"digest":343,"rendered":344,"legacyId":356},{"title":307,"department":134,"location":308,"type":202,"experience":203,"description":309,"requirements":310,"responsibilities":318,"benefits":326,"skills":334,"published":18,"featured":242,"date":341},"DevOps Engineer","Frisco, TX / Remote","Build and maintain scalable cloud infrastructure. Work with AWS, Docker, Kubernetes, and automation tools to ensure reliable, secure platforms.",[311,208,312,313,314,315,316,317],"3+ years of experience in DevOps or Site Reliability Engineering","Proficiency with Infrastructure as Code (Terraform, CloudFormation)","Experience with containerization (Docker, Kubernetes)","Knowledge of CI/CD pipelines and automation tools","Scripting skills in Python, Bash, or PowerShell","Understanding of monitoring and logging solutions","Experience with version control systems (Git)",[319,320,321,322,323,324,325],"Design and implement scalable cloud infrastructure","Automate deployment processes and CI/CD pipelines","Monitor system performance and implement improvements","Ensure security best practices across all environments","Collaborate with development teams on infrastructure needs","Manage backup and disaster recovery procedures","Troubleshoot and resolve infrastructure issues",[327,328,329,330,331,332,333],"Competitive salary with annual reviews","Full health benefits package","401(k) retirement plan with matching","Remote work flexibility","Professional certification reimbursement","Home office setup allowance","Team building events and company retreats",[231,233,235,236,335,336,337,238,338,339,340,240],"Jenkins","Python","Bash","Security","Automation","Linux",["Date","2024-01-10T10:00:00.000Z"],"src/content/careers/devops-engineer.md","425e90cc3c2b1bd4",{"html":247,"metadata":345},{"headings":346,"localImagePaths":347,"remoteImagePaths":348,"frontmatter":349,"imagePaths":355},[],[],[],{"title":307,"department":134,"location":308,"type":202,"experience":203,"description":309,"requirements":350,"responsibilities":351,"benefits":352,"skills":353,"published":18,"featured":242,"date":354},[311,208,312,313,314,315,316,317],[319,320,321,322,323,324,325],[327,328,329,330,331,332,333],[231,233,235,236,335,336,337,238,338,339,340,240],"2024-01-10T10:00:00.000Z",[],"devops-engineer.md",{"id":159,"data":358,"filePath":398,"digest":399,"rendered":400,"legacyId":412},{"title":359,"department":156,"location":360,"type":202,"experience":203,"description":361,"requirements":362,"responsibilities":370,"benefits":378,"skills":386,"published":18,"featured":242,"date":397},"Data Analyst","Hybrid","Transform raw data into actionable insights using SQL, Tableau, and statistical analysis. Support data-driven decision making across the organization.",[363,364,365,366,367,368,369],"3+ years of data analysis experience","Strong proficiency in SQL and data querying","Experience with data visualization tools (Tableau, Power BI)","Knowledge of statistical analysis and data interpretation","Familiarity with Excel and data manipulation techniques","Understanding of data modeling and database concepts","Experience with Python or R for data analysis preferred",[371,372,373,374,375,376,377],"Transform raw data into actionable insights with data modeling, visualization, and reporting","Analyze business data to identify trends and patterns","Create dashboards and reports for stakeholders","Collaborate with business teams to understand data requirements","Perform statistical analysis and hypothesis testing","Ensure data quality and accuracy in reporting","Present findings and recommendations to management",[379,380,381,382,383,384,385],"Competitive salary with analytics bonuses","Health, dental, and vision coverage","401(k) retirement savings plan","Hybrid work model with flexible hours","Data analytics certification support","Access to premium analytics tools","Professional development and training",[387,388,389,390,391,392,393,336,394,395,396],"Data Analysis","SQL","Tableau","Power BI","Excel","Statistics","Data Visualization","R","Data Modeling","Reporting",["Date","2024-05-24T18:00:00.000Z"],"src/content/careers/data-analyst.md","ab4b4385a5c5e8cf",{"html":247,"metadata":401},{"headings":402,"localImagePaths":403,"remoteImagePaths":404,"frontmatter":405,"imagePaths":411},[],[],[],{"title":359,"department":156,"location":360,"type":202,"experience":203,"description":361,"requirements":406,"responsibilities":407,"benefits":408,"skills":409,"published":18,"featured":242,"date":410},[363,364,365,366,367,368,369],[371,372,373,374,375,376,377],[379,380,381,382,383,384,385],[387,388,389,390,391,392,393,336,394,395,396],"2024-05-24T18:00:00.000Z",[],"data-analyst.md","frontend-developer",{"id":413,"data":415,"body":419,"filePath":420,"digest":421,"rendered":422,"legacyId":431},{"title":416,"jobCategory":111,"location":263,"type":202,"experience":203,"description":417,"published":18,"featured":242,"date":418},"Frontend Developer","Build responsive web applications using modern JavaScript frameworks. Work with a collaborative team on exciting projects.\n\n## Position Overview\n\nWe're looking for a talented **Frontend Developer** to join our growing team. You'll be working on exciting web applications and helping to create amazing user experiences.\n\n## Key Responsibilities\n\n- Develop responsive web applications using HTML, CSS, and JavaScript\n- Work with React and other modern frameworks\n- Collaborate with designers and backend developers\n- Ensure cross-browser compatibility and performance optimization\n- Participate in agile development processes\n\n## Requirements\n\n- 2+ years of frontend development experience\n- Proficiency in HTML, CSS, and JavaScript\n- Experience with React or similar frameworks\n- Understanding of responsive design principles\n- Good communication and teamwork skills\n\n## What We Offer\n\n- Competitive salary\n- Health insurance\n- Flexible working hours\n- Learning and development opportunities\n- Great team culture\n",["Date","2024-01-10T00:00:00.000Z"],"Join our frontend development team and help us create beautiful, functional web applications that users love to interact with.","src/content/careers/frontend-developer.md","cbfb09a91a57fc00",{"html":423,"metadata":424},"\u003Cp>Join our frontend development team and help us create beautiful, functional web applications that users love to interact with.\u003C/p>",{"headings":425,"localImagePaths":426,"remoteImagePaths":427,"frontmatter":428,"imagePaths":430},[],[],[],{"title":416,"description":417,"experience":203,"location":263,"jobCategory":111,"type":202,"published":18,"featured":242,"date":429},"2024-01-10",[],"frontend-developer.md",{"id":116,"data":433,"filePath":468,"digest":469,"rendered":470,"legacyId":482},{"title":434,"department":111,"location":263,"type":202,"experience":203,"description":435,"requirements":436,"responsibilities":443,"benefits":451,"skills":457,"published":18,"featured":242,"date":467},"Java Developer","Build scalable Java applications and microservices. Work with Spring Framework, REST APIs, and enterprise-grade solutions for our diverse client base.",[437,438,439,440,441,442,317],"3+ years of Java development experience","Strong proficiency in Java 8+ and object-oriented programming","Experience with Spring Framework (Spring Boot, Spring MVC)","Knowledge of RESTful web services and API development","Familiarity with database technologies (MySQL, PostgreSQL)","Understanding of Maven or Gradle build tools",[444,445,446,447,448,449,450],"Design and develop robust Java applications and microservices","Build and maintain RESTful APIs and web services","Collaborate with cross-functional teams on application architecture","Write clean, maintainable, and well-documented code","Participate in code reviews and maintain coding standards","Debug and troubleshoot application issues","Optimize application performance and scalability",[278,452,329,453,454,455,456],"Comprehensive health insurance package","Professional development and certification support","Modern development tools and environment","Flexible work arrangements","Team collaboration and learning opportunities",[458,459,460,461,284,285,462,463,464,465,466],"Java","Spring Boot","Spring Framework","REST APIs","Maven","Git","Microservices","JUnit","Debugging",["Date","2024-05-15T09:00:00.000Z"],"src/content/careers/java-developer.md","b4a62a7e4fd281cd",{"html":247,"metadata":471},{"headings":472,"localImagePaths":473,"remoteImagePaths":474,"frontmatter":475,"imagePaths":481},[],[],[],{"title":434,"department":111,"location":263,"type":202,"experience":203,"description":435,"requirements":476,"responsibilities":477,"benefits":478,"skills":479,"published":18,"featured":242,"date":480},[437,438,439,440,441,442,317],[444,445,446,447,448,449,450],[278,452,329,453,454,455,456],[458,459,460,461,284,285,462,463,464,465,466],"2024-05-15T09:00:00.000Z",[],"java-developer.md",{"id":180,"data":484,"filePath":511,"digest":512,"rendered":513,"legacyId":525},{"title":485,"department":177,"location":360,"type":202,"experience":203,"description":486,"requirements":487,"responsibilities":493,"benefits":499,"skills":503,"published":18,"featured":242,"date":510},"Product Designer","Design end-to-end product experiences from concept to launch. Create wireframes, prototypes, and design systems that enhance user satisfaction and business goals.",[488,489,490,491,492],"3+ years of product design experience","Proficiency in Figma, Sketch, and prototyping tools","Strong understanding of user-centered design principles","Experience with design systems and component libraries","Knowledge of front-end development constraints and possibilities",[494,495,496,497,498],"Design user interfaces and experiences for web and mobile applications","Create wireframes, prototypes, and high-fidelity mockups","Collaborate with product managers and developers","Conduct user research and usability testing","Maintain and evolve design systems",[500,501,455,502],"Creative freedom and design tool budget","Conference attendance and design community involvement","Professional development opportunities",[504,505,506,507,508,509],"Figma","Sketch","Prototyping","User Research","Design Systems","Wireframing",["Date","2024-12-01T11:00:00.000Z"],"src/content/careers/product-designer.md","42b07daf24c4e5d5",{"html":247,"metadata":514},{"headings":515,"localImagePaths":516,"remoteImagePaths":517,"frontmatter":518,"imagePaths":524},[],[],[],{"title":485,"department":177,"location":360,"type":202,"experience":203,"description":486,"requirements":519,"responsibilities":520,"benefits":521,"skills":522,"published":18,"featured":242,"date":523},[488,489,490,491,492],[494,495,496,497,498],[500,501,455,502],[504,505,506,507,508,509],"2024-12-01T11:00:00.000Z",[],"product-designer.md",{"id":115,"data":527,"filePath":558,"digest":559,"rendered":560,"legacyId":572},{"title":528,"department":111,"location":201,"type":202,"experience":203,"description":529,"requirements":530,"responsibilities":538,"benefits":546,"skills":551,"published":18,"featured":242,"date":557},"Python Developer","Build scalable backend systems and data processing pipelines using Python. Work with Django, Flask, and modern frameworks to create robust applications.",[531,532,533,534,535,536,537],"3+ years of Python development experience","Strong proficiency in Python 3.x and object-oriented programming","Experience with web frameworks (Django, Flask, or FastAPI)","Knowledge of database technologies and ORM frameworks","Familiarity with RESTful API development","Understanding of version control systems (Git)","Experience with testing frameworks (pytest, unittest)",[539,540,541,542,543,544,545],"Develop and deploy server-side web applications using Python","Build RESTful APIs and web services","Design and implement database schemas and queries","Create automation scripts and data processing tools","Collaborate with frontend developers on API integration","Write comprehensive tests and maintain code quality","Optimize application performance and troubleshoot issues",[327,547,381,330,548,549,550],"Full health and dental insurance","Python certification and training support","Access to latest development tools","Professional growth opportunities",[336,552,553,554,285,555,461,463,556,236,340],"Django","Flask","FastAPI","SQLAlchemy","pytest",["Date","2024-05-16T10:00:00.000Z"],"src/content/careers/python-developer.md","de70170a69e236c4",{"html":247,"metadata":561},{"headings":562,"localImagePaths":563,"remoteImagePaths":564,"frontmatter":565,"imagePaths":571},[],[],[],{"title":528,"department":111,"location":201,"type":202,"experience":203,"description":529,"requirements":566,"responsibilities":567,"benefits":568,"skills":569,"published":18,"featured":242,"date":570},[531,532,533,534,535,536,537],[539,540,541,542,543,544,545],[327,547,381,330,548,549,550],[336,552,553,554,285,555,461,463,556,236,340],"2024-05-16T10:00:00.000Z",[],"python-developer.md",{"id":160,"data":574,"filePath":611,"digest":612,"rendered":613,"legacyId":625},{"title":575,"department":156,"location":201,"type":202,"experience":203,"description":576,"requirements":577,"responsibilities":585,"benefits":593,"skills":598,"published":18,"featured":242,"date":610},"QA Analyst","Ensure product quality through structured testing methodologies. Design test cases, execute manual and automated tests, and collaborate with development teams.",[578,579,580,581,582,583,584],"3+ years of quality assurance and testing experience","Strong knowledge of manual and automated testing methodologies","Experience with test case design and execution","Familiarity with bug tracking and test management tools","Understanding of software development lifecycle","Knowledge of web and mobile application testing","QA certifications (ISTQB, CSTE) preferred",[586,587,588,589,590,591,592],"Ensure product quality, performance, and reliability through structured testing","Design and execute comprehensive test plans and test cases","Perform functional, regression, and user acceptance testing","Identify, document, and track software defects","Collaborate with development teams on quality requirements","Conduct exploratory testing and usability testing","Participate in test automation initiatives",[594,547,595,330,596,597,502],"Competitive salary with quality bonuses","401(k) retirement plan","QA certification and training support","Access to latest testing tools",[599,600,601,602,603,604,605,606,607,608,609],"Quality Assurance","Manual Testing","Test Case Design","Bug Tracking","Regression Testing","User Acceptance Testing","Test Planning","JIRA","TestRail","Web Testing","Mobile Testing",["Date","2024-05-23T17:00:00.000Z"],"src/content/careers/qa-analyst.md","c2e7694cad63d433",{"html":247,"metadata":614},{"headings":615,"localImagePaths":616,"remoteImagePaths":617,"frontmatter":618,"imagePaths":624},[],[],[],{"title":575,"department":156,"location":201,"type":202,"experience":203,"description":576,"requirements":619,"responsibilities":620,"benefits":621,"skills":622,"published":18,"featured":242,"date":623},[578,579,580,581,582,583,584],[586,587,588,589,590,591,592],[594,547,595,330,596,597,502],[599,600,601,602,603,604,605,606,607,608,609],"2024-05-23T17:00:00.000Z",[],"qa-analyst.md",{"id":114,"data":627,"filePath":665,"digest":666,"rendered":667,"legacyId":679},{"title":628,"department":111,"location":263,"type":202,"experience":203,"salary":629,"description":630,"requirements":631,"responsibilities":639,"benefits":646,"skills":653,"published":18,"featured":242,"date":664},"React Developer","$72,000 - $98,000","We're looking for a React Developer to join our Engineering team and build high-performance, reusable UI components using React.js frameworks. You'll work on modern web applications and contribute to our growing portfolio of client-facing solutions.\n\nThis role offers the opportunity to work with cutting-edge React technologies and create exceptional user experiences.\n",[632,633,634,635,636,637,638],"3+ years of React.js development experience","Strong proficiency in JavaScript ES6+ and TypeScript","Experience with React hooks, context API, and state management","Knowledge of modern build tools (Webpack, Vite)","Familiarity with CSS-in-JS libraries and responsive design","Understanding of RESTful APIs and GraphQL","Experience with testing libraries (Jest, React Testing Library)",[640,641,642,643,644,645,448],"Build high-performance, reusable UI components using React.js","Develop responsive web applications with modern React patterns","Implement state management solutions and optimize performance","Collaborate with designers to create pixel-perfect interfaces","Write comprehensive tests for React components","Integrate frontend applications with backend APIs",[647,648,595,649,650,651,652],"Competitive salary with skill-based bonuses","Health, dental, and vision insurance","React conference and training budget","Modern development setup and tools","Collaborative team environment","Career advancement opportunities",[654,655,656,657,658,659,660,661,461,662,663],"React.js","JavaScript","TypeScript","Redux","React Hooks","CSS-in-JS","Webpack","Jest","GraphQL","Responsive Design",["Date","2024-05-18T12:00:00.000Z"],"src/content/careers/react-developer.md","ec0be474fb3d88a1",{"html":247,"metadata":668},{"headings":669,"localImagePaths":670,"remoteImagePaths":671,"frontmatter":672,"imagePaths":678},[],[],[],{"title":628,"department":111,"location":263,"type":202,"experience":203,"salary":629,"description":630,"requirements":673,"responsibilities":674,"benefits":675,"skills":676,"published":18,"featured":242,"date":677},[632,633,634,635,636,637,638],[640,641,642,643,644,645,448],[647,648,595,649,650,651,652],[654,655,656,657,658,659,660,661,461,662,663],"2024-05-18T12:00:00.000Z",[],"react-developer.md",{"id":182,"data":681,"filePath":711,"digest":712,"rendered":713,"legacyId":725},{"title":682,"department":177,"location":360,"type":202,"experience":203,"description":683,"requirements":684,"responsibilities":691,"benefits":698,"skills":705,"published":18,"featured":242,"date":710},"UI/UX Designer","Create exceptional user experiences for digital products. Design intuitive interfaces using Figma, conduct user research, and collaborate with development teams.",[685,686,490,687,688,689,690],"3+ years of UI/UX design experience","Proficiency in design tools (Figma, Sketch, Adobe Creative Suite)","Experience with prototyping and wireframing","Knowledge of responsive design and mobile-first approaches","Familiarity with design systems and component libraries","Portfolio demonstrating strong design skills and process",[692,497,693,694,695,696,697],"Create user interface designs and interactive prototypes","Develop wireframes, mockups, and design specifications","Collaborate with developers on design implementation","Maintain and evolve design systems and style guides","Present design concepts to stakeholders and clients","Stay current with design trends and best practices",[699,700,595,701,702,703,704],"Competitive salary with creative bonuses","Health and wellness benefits package","Hybrid work model with design studio access","Design software licenses and tool budget","Conference and workshop attendance","Creative collaboration environment",[706,707,504,505,506,507,509,508,663,708,709],"UI Design","UX Design","Usability Testing","Visual Design",["Date","2024-04-10T12:00:00.000Z"],"src/content/careers/ui-ux-designer.md","a78a51a2cb0db17b",{"html":247,"metadata":714},{"headings":715,"localImagePaths":716,"remoteImagePaths":717,"frontmatter":718,"imagePaths":724},[],[],[],{"title":682,"department":177,"location":360,"type":202,"experience":203,"description":683,"requirements":719,"responsibilities":720,"benefits":721,"skills":722,"published":18,"featured":242,"date":723},[685,686,490,687,688,689,690],[692,497,693,694,695,696,697],[699,700,595,701,702,703,704],[706,707,504,505,506,507,509,508,663,708,709],"2024-04-10T12:00:00.000Z",[],"ui-ux-designer.md","software-engineer-ref-job-code-sse--2502-has-multiple-openings",{"id":726,"data":728,"filePath":733,"digest":734,"rendered":735,"legacyId":743},{"title":729,"jobCategory":111,"location":263,"type":202,"experience":730,"description":731,"published":18,"featured":18,"date":732},"Software Engineer ","Senior Level","**Job Title:** Software Engineer **(Ref. Job Code: SSE – 2502) (has multiple openings)**\n\n**Job Duties:** \n\nResponsible for analysis of requirements, module design, development, testing and implementation of projects using Software Development Lifecycle model. Develop use case and activity diagrams during the analysis and design phase of each module. Develop Cloud Center of Excellence for Client using advanced knowledge of the AWS Services ecosystem, Continuous Integration, Continuous Delivery, Infrastructure as Code, Configuration Management, Security, Monitoring and Logging DevOps concepts. Maintain the security of all system applications. Work closely with project manager, developers and BAs to review business requirements, design specifications and provide technical as well as usability feedback to the project stake holders. Prepare weekly dashboard and metrics for monitoring the overall status of the project release and to ensure that the deliverables adhere to the project guidelines and specifications using software quality assurance methodology.\n\n**Job Requirements:** \n\nRequires Masters degree or foreign equivalent in Computer Science, Information Systems, Engineering or related field. Requires One (1) year of experience in job offered, Developer, DevOps Engineer or related. Experience in Cloud Technologies (AWS/Azure/GCP), Java Full Stack, React UI, .Net, SalesForce, Database(SQL/PL SQL), Python, Dockers and Kubernetes required. Travel and relocation possible to unanticipated client locations throughout the U.S. Email resume with job code to immigrations@atekit.com\n\n**Salary:** $135,000/Year (Full-Time)\n\n**Job Location:** 7460 Warren Pkwy, Suite 100, Frisco, TX – 75034 & unanticipated client locations throughout the U.S.",["Date","2025-09-01T05:00:00.000Z"],"src/content/careers/software-engineer-ref-job-code-sse-–-2502-has-multiple-openings.md","1e98567a2b7ecfb4",{"html":247,"metadata":736},{"headings":737,"localImagePaths":738,"remoteImagePaths":739,"frontmatter":740,"imagePaths":742},[],[],[],{"title":729,"description":731,"experience":730,"location":263,"jobCategory":111,"type":202,"published":18,"featured":18,"date":741},["Date","2025-09-01T05:00:00.000Z"],[],"software-engineer-ref-job-code-sse-–-2502-has-multiple-openings.md",{"id":181,"data":745,"filePath":781,"digest":782,"rendered":783,"legacyId":795},{"title":746,"department":177,"location":263,"type":202,"experience":203,"salary":747,"description":748,"requirements":749,"responsibilities":757,"benefits":765,"skills":770,"published":18,"featured":242,"date":780},"UX Researcher","$75,000 - $100,000","Join our Design team as a UX Researcher and help us understand our users' needs, behaviors, and motivations. You'll conduct research studies that inform design decisions and ensure our products deliver exceptional user experiences.\n\nThis role offers the opportunity to drive user-centered design through research and make a significant impact on product development.\n",[750,751,752,753,754,755,756],"3+ years of UX research experience","Experience with qualitative and quantitative research methods","Proficiency in research tools and analytics platforms","Knowledge of usability testing and user interview techniques","Understanding of statistical analysis and research methodology","Excellent communication and presentation skills","Experience working with cross-functional product teams",[758,759,760,761,762,763,764],"Plan and conduct user research studies and usability tests","Analyze research data and present actionable insights","Create user personas, journey maps, and research reports","Collaborate with designers and product managers on research needs","Establish research processes and best practices","Advocate for user needs throughout the product development process","Stay current with UX research trends and methodologies",[766,767,381,768,502,769,455],"Competitive salary with research bonuses","Comprehensive health benefits","Research tool licenses and conference budget","Collaborative research environment",[771,708,772,387,773,774,775,776,777,778,779],"UX Research","User Interviews","Research Methods","User Personas","Journey Mapping","Survey Design","Analytics","Research Planning","Insight Generation",["Date","2024-04-20T11:15:00.000Z"],"src/content/careers/ux-researcher.md","e08188cf9f142caa",{"html":247,"metadata":784},{"headings":785,"localImagePaths":786,"remoteImagePaths":787,"frontmatter":788,"imagePaths":794},[],[],[],{"title":746,"department":177,"location":263,"type":202,"experience":203,"salary":747,"description":748,"requirements":789,"responsibilities":790,"benefits":791,"skills":792,"published":18,"featured":242,"date":793},[750,751,752,753,754,755,756],[758,759,760,761,762,763,764],[766,767,381,768,502,769,455],[771,708,772,387,773,774,775,776,777,778,779],"2024-04-20T11:15:00.000Z",[],"ux-researcher.md","senior-react-developer",{"id":796,"data":798,"body":802,"filePath":803,"digest":804,"rendered":805,"legacyId":814},{"title":799,"jobCategory":111,"location":263,"type":202,"experience":730,"description":800,"published":18,"featured":18,"date":801},"Senior React Developer","Lead frontend development with React, TypeScript, and modern web technologies. Build scalable user interfaces for enterprise applications.\n\n## About This Role\n\nWe are seeking a **Senior React Developer** to join our dynamic development team. You will be responsible for building and maintaining high-quality, scalable web applications using React, TypeScript, and modern frontend technologies.\n\n## What You'll Do\n\n- Design and develop complex user interfaces using React and TypeScript\n- Collaborate with UX/UI designers to implement pixel-perfect designs\n- Optimize applications for maximum speed and scalability\n- Mentor junior developers and conduct code reviews\n- Work closely with backend teams to integrate APIs\n- Participate in architectural decisions and technical planning\n\n## What We're Looking For\n\n- 5+ years of experience with React and modern JavaScript/TypeScript\n- Strong understanding of state management (Redux, Zustand, or Context API)\n- Experience with testing frameworks (Jest, React Testing Library)\n- Knowledge of build tools (Webpack, Vite) and CI/CD pipelines\n- Excellent problem-solving skills and attention to detail\n- Strong communication skills and team collaboration abilities\n\n## Nice to Have\n\n- Experience with Next.js or other React frameworks\n- Knowledge of GraphQL and Apollo Client\n- Familiarity with cloud platforms (AWS, Azure)\n- Experience with design systems and component libraries\n",["Date","2024-01-15T00:00:00.000Z"],"Join our team as a Senior React Developer and help us build the next generation of web applications. You'll work with cutting-edge technologies and collaborate with a talented team of developers, designers, and product managers.\n\nWe offer a collaborative environment where your ideas matter and your growth is prioritized. This is an excellent opportunity for an experienced React developer looking to take their career to the next level.","src/content/careers/senior-react-developer.md","85771182e4a9a27e",{"html":806,"metadata":807},"\u003Cp>Join our team as a Senior React Developer and help us build the next generation of web applications. You’ll work with cutting-edge technologies and collaborate with a talented team of developers, designers, and product managers.\u003C/p>\n\u003Cp>We offer a collaborative environment where your ideas matter and your growth is prioritized. This is an excellent opportunity for an experienced React developer looking to take their career to the next level.\u003C/p>",{"headings":808,"localImagePaths":809,"remoteImagePaths":810,"frontmatter":811,"imagePaths":813},[],[],[],{"title":799,"description":800,"experience":730,"location":263,"jobCategory":111,"type":202,"published":18,"featured":18,"date":812},"2024-01-15",[],"senior-react-developer.md"]