{
  "$ref": "#/definitions/careers",
  "definitions": {
    "careers": {
      "type": "object",
      "properties": {
        "title": {
          "type": "string"
        },
        "department": {
          "type": "string"
        },
        "jobCategory": {
          "type": "string"
        },
        "location": {
          "type": "string"
        },
        "type": {
          "type": "string",
          "enum": [
            "Full-time",
            "Part-time",
            "Contract",
            "Internship"
          ]
        },
        "experience": {
          "type": "string",
          "enum": [
            "Entry Level",
            "Mid Level",
            "Senior Level",
            "Lead/Principal"
          ]
        },
        "salary": {
          "type": "string"
        },
        "description": {
          "type": "string"
        },
        "requirements": {
          "type": "array",
          "items": {
            "type": "string"
          }
        },
        "responsibilities": {
          "type": "array",
          "items": {
            "type": "string"
          }
        },
        "benefits": {
          "type": "array",
          "items": {
            "type": "string"
          }
        },
        "skills": {
          "type": "array",
          "items": {
            "type": "string"
          }
        },
        "published": {
          "type": "boolean",
          "default": true
        },
        "featured": {
          "type": "boolean",
          "default": false
        },
        "date": {
          "anyOf": [
            {
              "type": "string",
              "format": "date-time"
            },
            {
              "type": "string",
              "format": "date"
            },
            {
              "type": "integer",
              "format": "unix-time"
            }
          ]
        },
        "$schema": {
          "type": "string"
        }
      },
      "required": [
        "title",
        "location",
        "type",
        "experience",
        "description",
        "date"
      ],
      "additionalProperties": false
    }
  },
  "$schema": "http://json-schema.org/draft-07/schema#"
}