{
  "$ref": "#/definitions/guides",
  "definitions": {
    "guides": {
      "type": "object",
      "properties": {
        "title": {
          "type": "string"
        },
        "description": {
          "type": "string"
        },
        "icon": {
          "type": "string"
        },
        "pdfFile": {
          "type": "string"
        },
        "published": {
          "type": "boolean",
          "default": true
        },
        "order": {
          "type": "number",
          "default": 1
        },
        "date": {
          "anyOf": [
            {
              "type": "string",
              "format": "date-time"
            },
            {
              "type": "string",
              "format": "date"
            },
            {
              "type": "integer",
              "format": "unix-time"
            }
          ]
        },
        "$schema": {
          "type": "string"
        }
      },
      "required": [
        "title",
        "description",
        "icon",
        "pdfFile",
        "date"
      ],
      "additionalProperties": false
    }
  },
  "$schema": "http://json-schema.org/draft-07/schema#"
}