{
  "$ref": "#/definitions/job-categories",
  "definitions": {
    "job-categories": {
      "type": "object",
      "properties": {
        "name": {
          "type": "string"
        },
        "order": {
          "type": "number",
          "default": 1
        },
        "published": {
          "type": "boolean",
          "default": true
        },
        "description": {
          "type": "string"
        },
        "jobs": {
          "type": "array",
          "items": {
            "type": "string"
          }
        },
        "$schema": {
          "type": "string"
        }
      },
      "required": [
        "name"
      ],
      "additionalProperties": false
    }
  },
  "$schema": "http://json-schema.org/draft-07/schema#"
}